,,,,,,,,,,,,
,,ターゲット,課題カテゴリ1,課題カテゴリ2,課題カテゴリ3,課題カテゴリ4,Drill,クリア基準(レベル3),クリア基準(レベル2),クリア基準(レベル1),備考,開発者コメント
,,80切り,パーオン率が低い,※ボギーオン率改善の課題は解決済み前提,※ボギーオン率改善の課題は解決済み前提,※ボギーオン率改善の課題は解決済み前提,※ボギーオン率改善の課題は解決済み前提,※ボギーオン率改善の課題は解決済み前提,※ボギーオン率改善の課題は解決済み前提,※ボギーオン率改善の課題は解決済み前提,,
,,80切り,パーオン率が低い,(par4なら)2ndの距離が150yd以上残る,ティーショットの飛距離が足りない,,,250yd以上 10球中10球飛んだ,230yd以上 10球中10球飛んだ,230yd以上 10球中5球飛んだ,,マキロイも言ってましたが、練習場では玉がどこに飛んで行こうが限界まで振る練習をしているそうです。振りちぎれ！
,,80切り,パーオン率が低い,チーピンが出る,インサイドアウトが強すぎる,,棒を使ってシャフトプレーンに切り替えるドリル,棒に当たらずフルショットを10球中10球,棒に当たらずフルショットを10球中7球,棒に当たらずフルショットを10球中5球,,トミーフリートウッドがよくやっているやつ。トミーもドローヒッターで、たまーにチーピンするミスは大会でも出てますよね。そのトミーがやっていたドリルなだけあって自分にも効果ありでした！
,,80切り,パーオン率が低い,チーピンが出る,インサイドアウトが強すぎる,,Pwでスライスを打つドリル,10球中10球スライスが打てた,10球中7球スライスが打てた,10球中5球スライスが打てた,,Pwでスライスを打つにはオープンスタンスにして、カットに入れる必要がある。かなり極端な動きになる。でもゴルフでは極端に動きを理解することも時に必要だと思う。ここから徐々にいつも通りのアドレスや振り方に戻していき、その過程でちょうどいい球が出る場所があるからそこを探す。
,,80切り,パーオン率が低い,シャンクが出る,,,わざとシャンクを打つドリル,10球中7球シャンクを打てた,10球中5球シャンクを打てた,10球中3球シャンクを打てた,,本当に嫌になりますよねシャンク。一度出たら何度でも出るし。でもそれは逆を言えばスイングの再現性があるってことでもある。ほんの少しのコツがわかれば一気に解決できるから、諦めないで。このわざとシャンクを打つドリルはサヒス選手もやっていたやつで、真似したら結構効果テキメンでした。打とうと思うと意外と打てない。逆に意識して打てるようになれば、どうすればシャンクが発生するのかがわかってきました。
,,80切り,パーオン率が低い,右プッシュが出る,右プッシュを前提にゴルフを組み立てることを考えていない,,右プッシュ前提でゴルフを組み立てよう,ティーショットのセットアップ等考えた。,ティーショットのセットアップ等考えた。,ティーショットのセットアップ等考えた。,,100ydも曲がる右プッシュなら直したほうがいいですが、ある程度の幅ならその右プッシュを前提にゴルフを組み立てる、ということを考えてみても良いかもしれません。
,,80切り,パーオン率が低い,右プッシュが出る,,,Drで、右足を引く、胸を右に向けながら、ハーフショットでドローを打つ練習,10球中10球成功,10球中7球成功,10球中5球成功,,まずはハーフショットで試してみよう。それでもダメならもっと小さいスイングで試してみましょう。とにかくドロー回転をかけるというこれまでと逆の動きを身につけると、ドロー回転をかけるスイングといつものスイングの違いがわかってくる。ドロー回転をかけるスイングから徐々にいつものスイングに近づけることで自分は改善しました。どうしても難しければレッスンやYoutube等参考にしてみるのも手です。
,,80切り,パーオン率が低い,マネジメント,クラブごとの縦距離（分布）がわかっていない,,練習モードで距離を確認しよう,実施したら終わり,実施したら終わり,実施したら終わり,練習モードに、ラウンドで何ydを何番で打ったか記録するモードを用意する,
,,80切り,パーオン率が低い,マネジメント,もち玉が決まっていない,,持ち玉を決めよう,決めたらクリア,決めたらクリア,決めたらクリア,自分は「X yd曲がるドロー/フェード」が持ち玉というのを入力させようかな,
,,80切り,パーオン率が低い,マネジメント,発生しうる結果ごとの確率と行ってはいけない場所の2つを考慮してグリーンに向かってのショットができていない,"グリーンに向かって打つクラブごとの発生する結果ごとの確率をショットの前に考える
かつ
ライの見極め、グリーン周りの状況把握、ガードバンカーの見極め
を踏まえてショットする","シチュエーションごとのクイズ

あるひとの球の分布とグリーンのシチュエーションからこの人はどのような番手でどのようなショットをするべきなのか",クイズ実施でクリア,クイズ実施でクリア,クイズ実施でクリア,,2種類のリスクテイカーがいる。１つはリスクが発生する確率をわかっていて、発生した場合の結果を受け入れる準備がある人。もう１つは、何も考えていない人。良いスコアを出すには前者になることが求められると思う。
,,80切り,パーオン率が低い,グリーンに止まらない,玉が低すぎる,,,,,,,
,,80切り,パーオン率が低い,グリーンに止まらない,トップする,,,,,,,
,,80切り,パーオン率が低い,グリーンに止まらない,ドローが強すぎる,,,,,,,
,,80切り,パーオン率が低い,グリーンに止まらない,スピン系のギアを使っていない,,,,,,,
,,80切り,パーオン率が低い,あらゆるライからでも100yd以内はグリーンオンさせることができない,ライの対応ができない,,これはコースでの経験しかないからドリルだと正直難しい,,,,,
,,80切り,パーオン率が低い,ティーショットでOB・ハザード率が高い,逆玉が出る,,まずはもち玉を決め、もち玉が打てるようになる,10回中10回,10回中5回,10回中3回,,
,,80切り,パーオン率が低い,ティーショットでOB・ハザード率が高い,逆玉が出る,アドレスがコースだとオープン・クローズ度合いが強くなる,練習場で映像を後ろから確認し、もち玉が出る時と出ない時のアドレスの違いを確認する。コースでも後ろから撮影し、ミスが出た時のアドレスを確認する。,実施したらクリア,実施したらクリア,実施したらクリア,,
,,80切り,パーオン率が低い,ティーショットでOB・ハザード率が高い,曲幅が大きすぎる,,左右どちらかに20yd（基準点から±40yd）以内に10回中10回打てる,10回中10回,10回中5回,10回中3回,,
,,80切り,パーオン率が低い,ティーショットでOB・ハザード率が高い,チョロする,,"振り幅を20%, 40%. 50%, 80%, 100%, 120%と1球ずつ強くしながら打つ。",5週連続でできた,3週連続でできた,1週連続でできた,,
,,80切り,パーオン率が低い,ティーショットでOB・ハザード率が高い,マネジメント,ハザード・OBに入るクラブ選択をしている,"ティーボックスから入れてはいけないOB, ハザードまでの距離を把握する習慣を身につける。ティーショットを打つクラブで発生しうるミスのリストを作成し、そこに対する確率を記載する。いずれのミスが発生したとしてもOB, ハザードに入らないクラブ選択ができていることを確認する。",実施したらクリア,実施したらクリア,実施したらクリア,,
,,"100切り, 90切り",ボギーオン率が低い,アプローチで1打でグリーンオンしない,アプローチがダフる/ざっくりする,,,,,,,
,,"100切り, 90切り",ボギーオン率が低い,アプローチで1打でグリーンオンしない,アプローチでトップする,,,,,,,
,,"100切り, 90切り",ボギーオン率が低い,アプローチで1打でグリーンオンしない,マネジメント,そもそもアプローチしやすい場所に運べていない,,,,,,
,,"100切り, 90切り",ボギーオン率が低い,ティーショットでOB・ハザード率が高い,逆玉が出る,,まずはもち玉を決め、もち玉が打てるようになる,10回中10回,10回中5回,10回中3回,,スライスだとしてもそれを持ち玉にしてゴルフを組み立てれば、スライスも武器になる。スライスが悪い分けじゃない。僕は50ydぐらいチーピンしてた時期は、右の森に向かってティーショットしてましたがそれでも80台出てました笑
,,"100切り, 90切り",ボギーオン率が低い,ティーショットでOB・ハザード率が高い,逆玉が出る,アドレスがコースだとオープン・クローズ度合いが強くなる,練習場で映像を後ろから確認し、もち玉が出る時と出ない時のアドレスの違いを確認する。コースでも後ろから撮影し、ミスが出た時のアドレスを確認する。,実施したらクリア,実施したらクリア,実施したらクリア,,動画を見返してみると、思ったより右や左を向きすぎていることに気づくかもしれません。自分はめちゃくちゃ左向いて立つ癖があると気づきました。
,,"100切り, 90切り",ボギーオン率が低い,ティーショットでOB・ハザード率が高い,曲幅が大きすぎる,,左右どちらかに20yd（基準点から±40yd）以内に10回中10回打てる,10回中10回,10回中5回,10回中3回,,厳密に20ydじゃなくても、ざっくり「この柱からこの柱までの間にボールが入ればOK」みたいな感じで決めるでOK。
,,"100切り, 90切り",ボギーオン率が低い,ティーショットでOB・ハザード率が高い,チョロする,,"振り幅を20%, 40%. 50%, 80%, 100%, 120%と1球ずつ強くしながら打つ。",5週連続でできた,3週連続でできた,1週連続でできた,,小さい動きから積み上げていこう。フルショットは自分が完璧にできる小さい動きの延長線上にあることを意識しよう。
,,"100切り, 90切り",ボギーオン率が低い,ティーショットでOB・ハザード率が高い,マネジメント,ハザード・OBに入るクラブ選択をしている,"ティーボックスから入れてはいけないOB, ハザードまでの距離を把握する習慣を身につける。ティーショットを打つクラブで発生しうるミスのリストを作成し、そこに対する確率を記載する。いずれのミスが発生したとしてもOB, ハザードに入らないクラブ選択ができていることを確認する。",実施したらクリア,実施したらクリア,実施したらクリア,,
,,"100切り, 90切り",ボギーオン率が低い,（平たいところからでも）ウェッジでトップする,,,,,,,,
,,"100切り, 90切り",ボギーオン率が低い,（平たいところからでも）ウェッジでダフる,,,,,,,,
,,"100切り, 90切り",ボギーオン率が低い,ティーショットでチョロする,,,,,,,,
,,"100切り, 90切り",ボギーオン率が低い,（平たいところからでも）アイアンでダフる,,,,,,,,
,,"100切り, 90切り",ボギーオン率が低い,（平たいところからでも）アイアンでチョロする,,,,,,,,
,,"100切り, 90切り",ボギーオン率が低い,マネジメントができていない,確実に1打でグリーンオンできる場所を特定する,,,,,,,
,,"100切り, 90切り",ボギーオン率が低い,マネジメントができていない,確実に1打でグリーンオンできる場所に(par4なら）2打で最も確率の高い持っていくためのクラブ選択とコースマネジメント,,,,,,,
,,"100切り, 90切り",3パットが多い,15mロングパットでカップ1.5m以内,,,,,,,,
,,"100切り, 90切り",3パットが多い,3パットOKとする距離を決めていない,,,,,,,,
,,,,,,,ウェッジの精度を上げるしかない,,,,,
,,,,,,,,,,,,
,,,,,,,,,,,,
,,,,,,,,,,,,
,,,,,,,,,,,,
,,,,,,,,,,,,
,,,,,,,,,,,,
,,,,,,,,,,,,
,,,,,,,,,,,,
,,,,,,,,,,,,
,,,,,,,,,,,,
,,,,,,,,,,,,
,,,,,,,,,,,,
,,,,,,,,,,,,
,,,,,,,,,,,,
,,,,,,,,,,,,
,,,,,,,,,,,,
,,,,,,,,,,,,
,,,,,,,,,,,,
,,,,,,,,,,,,
,,,,,,,,,,,,
,,,,,,,,,,,,
,,,,,,,,,,,,
,,,,,,,,,,,,
,,,,,,,,,,,,
,,,,,,,,,,,,
,,,ショートパット成功率が低い,まっすぐ打てていない,,,,,,,,
,,,,一定の距離感（1.5mの再現性）が悪い,,,,,,,,
,,,,,,,,,,,,
,,,ゴルフが楽しくない,スコアが出ていない,,,,,,,,
,,,,一緒に回っている人に嫌なことを言われた,,,,,,,,
,,,,心から好きじゃないギアを使っていない,,,,,,,,
,,,,スコアにこだわりすぎてる,,,そもそもゴルフが上手くなるには,,,,,
,,,スイングを綺麗にしたい,,,,,,,,,
,,,,,,,,,,,,
,,,寄せワン率が低い,,,,,,,,,